<?xml version="1.0" encoding="UTF-8"?>
<!DOCTYPE suite SYSTEM "http://testng.org/testng-1.0.dtd">
<suite guice-stage="DEVELOPMENT" name="Failed suite [Default suite]">
  <test name="Default test(failed)">
    <classes>
      <class name="com.shopclues.scripts.atuReports">
        <methods>
          <include name="testNewLogs"/>
          <include name="setUp"/>
          <include name="tearDown"/>
        </methods>
      </class> <!-- com.shopclues.scripts.atuReports -->
    </classes>
  </test> <!-- Default test(failed) -->
</suite> <!-- Failed suite [Default suite] -->
