<?xml version="1.0" encoding="UTF-8"?>
<!DOCTYPE suite SYSTEM "http://testng.org/testng-1.0.dtd">
<suite guice-stage="DEVELOPMENT" name="Failed suite [Default suite]">
  <test name="Default test(failed)">
    <classes>
      <class name="com.shopclues.scripts.AddToRemoveFromCart_TC_03">
        <methods>
          <include name="backUp"/>
          <include name="preCond"/>
          <include name="postCond"/>
          <include name="testAddToRemoveFromCart_TC_03"/>
        </methods>
      </class> <!-- com.shopclues.scripts.AddToRemoveFromCart_TC_03 -->
    </classes>
  </test> <!-- Default test(failed) -->
</suite> <!-- Failed suite [Default suite] -->
